,method,source,prompt,trial,generated_text
0,Top-P,Tale of Two Cities,"It was the best of times, it was the worst of times, it was ",1,"It was the best of times, it was the worst of times, it was  the age of wisdom, it was the age of foolishness, it was the epoch of belief, it was the epoch of incredulity, it was the season of Light, it was the season of Darkness, it was the spring of hope, it was the winter of despair, it was the night of slumber, it was the day of action, it was the night of reaction, it was the day of skepticism, it was the season of Endeavour, it was the season of Decision, it was the season of The Return, it was the season of Judgment, it was the season of the Dead, it was the  season of the Chanukah Journey, it was the season of A Supper With the Gnosis, it was the time of Ripples, and May 23 st 2017 was the day! The end was inevitable! May 5 th 2017 our hospital has fallen. Living in fear, full of hope. I feel comfort in this, as I have the instinct in me to turn towards a fire. It is like a knife in my chest. Now I can see it, the pylons it was attached to"
0,Top-P,Tale of Two Cities,"It was the best of times, it was the worst of times, it was ",2,"It was the best of times, it was the worst of times, it was  the age of wisdom, it was the age of foolishness... It was the winter of our discontent, and the spring of our discontent.  It was the winter of choice and the summer of necessity.  We had plenty to be discontented about, and if we could have had our choices openly and without self-importance, none would have mattered more than the last.  It is a coincidence that the best times were spent within a sealed, expensive, ancillary forts.
And now we must not suffer such torture, and see the pride of the seemingly eternal lie shattered before our eyes by the unfaithful hand of a foolish and hypocritical king.  Hail, O Jerimiah,  Hail, Lord of Hosts,  Hail King, the true.  Lord the True, O King, that should rule all the lands beneath your feet forevermore. And we raise our voices as those who feel our pain to they hold such grief.  I felt it, and now I must have it, for I can no longer speak the words that flatter my vanity,"
0,Top-P,Tale of Two Cities,"It was the best of times, it was the worst of times, it was ",3,"It was the best of times, it was the worst of times, it was ____,"" the singer sang. The accompanying video that has shown on Beyoncé's Instagram page has some people reacting in various ways to the rapper's lyric.

Check out the video below to hear Beyoncé's thoughts on this week's celebrity turmoil and the heated discourse about the backlash:"
0,Top-P,Tale of Two Cities,"It was the best of times, it was the worst of times, it was ",4,"It was the best of times, it was the worst of times, it was _________ and now it is ____________.

I would like to share my perspective, because both me and my wife love sharing our love stories and constantly talk to couples and young people about what's going on in their lives today.

I want to thank your family and my family because it means a great deal to me to know you and you know I love you."
0,Top-P,Tale of Two Cities,"It was the best of times, it was the worst of times, it was ",5,"It was the best of times, it was the worst of times, it was  HUMAN EVENTFULLY WRONG about half the people.. I could deal with whatever that became, and I want to hear about your lovely post about how This was on SRW... Just like once again, those people that I know say a card cannot be a dupe because they thought about drawing a bad-level card and had the card of an AUTO deck to use.
You'd better think before you spam your good, rare warzones, and to review your haxus ults (something their logs don't easily disclose, since their logs are deleted when they lose the battle)because what people keep saying is not possible because they could be receiving a card they really want from SRW...
Annoyed by ""admins"" how do you think I got fired ""for trying to help players out!"" and more annoying, I have been afraid to post or even reply to a modmail or any message sent from SRW because the only admins I've been dealing with today had been bigots and could easily handle banning me, and they even had their friends to help them out.
""SNAPPY -WHAT"
0,Top-P,Tale of Two Cities,"It was the best of times, it was the worst of times, it was ",6,"It was the best of times, it was the worst of times, it was 『the end of the world. Now I know the truth about that』.

「I knew it would take two years, I only knew the past two years. However, in the end, there's no room for worry.」

I remember it so clearly. And then, one (Usha) talked about part of her own past.

「Uwaaah…」

That voice that ""Ah-so big"" they used a while ago.

「What happened from the story I told?」

Un, that was it! More or less.

「Stop!!」

In the midst of confusion, Umphuha-san snapped. But, she didn't tell the truth. This was probably his point of reason: let me continue.

「I was wrapped up in the negotiation sessions…!」

When he asked, she told this story.

「When I went to the older sister's room one night, Umphuha was sleeping there. As I turned the handle to wake her, Umphuha's body fell off and I was crushed"
0,Top-P,Tale of Two Cities,"It was the best of times, it was the worst of times, it was ",7,"It was the best of times, it was the worst of times, it was _________. Jesus, where do I start? Seriously, do I even know how many times I've been that annoying voice that shouts at you during the night, the person you try and avoid as best you can, your fear of who just might be there for you? I can't help it. I'm human.

Let me try to outline exactly how I went from not caring about your wellbeing and the safety of any of your friends to openly emulating those that I didn't want to be around.

EDITOR'S PICK

1. I became a religious hypocrite.

I was highly critical of Greg, noting how he jumped over his own rules and acted inappropriately (in either the VIP or late night areas) that morning. I even had people tell me to my face, ""Hey, I had to pretend not to know what did, like always, in order to be in there."" He was known, and I was immensely terrified of him. What where the fuck did you go wrong? Do you find yourself uninspired or only has NO time for people like yourself?

2. I completely ignored the"
0,Top-P,Tale of Two Cities,"It was the best of times, it was the worst of times, it was ",8,"It was the best of times, it was the worst of times, it was  the age of wisdom, it was the age of foolishness, it was the epoch of belief, it was the epoch of incredulity. I chose 15 as the precise moment when I knew I was part of a miraculous movement that would turn the ancient world upside down and make room for new and improved ways of living.
But after that day, everything I did, said and saw was tainted with  madness  (but this time I was the craziest.)
Me with the Lunatic  that had overcome my telepathic bind (and with the ally whom I had defeated)  me and moved on with my life as a new century opened. Things got better for me then. It was important at the time that I said and did things that would not embarrass anyone... That is, I did whatever I felt the need to do to avoid shame. I had to do it, I had to pretend like I had a rational mind, but I was  caught in a cult of personality  I could not escape. 
The National Security Council's ""Rosetta  Code"" 
It is hard not to be on edge"
0,Top-P,Tale of Two Cities,"It was the best of times, it was the worst of times, it was ",9,"It was the best of times, it was the worst of times, it was  the age of wisdom, it was the age of foolishness, it was the epoch of belief, it was the epoch of incredulity, it was the spring of optimism, it was the autumn of despair, it was the spring of faith, it was the winter of cynicism, it was the summer of hope, it was the winter of cynicism.""
Black Shirt is a character originally portrayed by Jim Nabors in  Star Trek: Deep Space Nine  and re-imagined by Michael Piller in the Star Trek: Voyager episode ""Call to Arms"". Michael Gershman has referenced both versions of this character in the ""Non Sequitur"" video game.
A creature resembling what would become known as the Black Spot was the subject of an off-hand comment by Ilia Vorikin during a round of quarters when she made the point that the Galaxy class's transporter capability was similar to others in the Federation fleet, mentioning that her friend Douglas Corderman demonstrated this ability quite commonly.  The series first introduced this creature in "" The Arena "".
""Every fourteen thousand years, what began as some Rakata Trial was periodically replaced"
0,Top-P,Tale of Two Cities,"It was the best of times, it was the worst of times, it was ",10,"It was the best of times, it was the worst of times, it was  the age of wisdom, it was the age of foolishness, it was the epoch of belief, it was the epoch of incredulity, it was the season of Light, it was the season of Darkness, it was the spring of hope, it was the winter of despair, it was the season of ambition, it was the winter of addiction, it was the season of hate, it was the season of sweet hope, it was the summer of disillusion, it was the season of despair, it was the time of joy, it was the time of sorrow, it was the time of the obscure, it was the season of light, it was the season of the obscure, it was the season of the obscure, it was the time of the obscure, it was the season of the obscure, it was the season of the obscure, it was the time of the obscure, it was the season of the obscure, it was the season of the obscure, it was the season of the obscure, it was the season of the obscure, it was the season of the obscure, it was the season of the obscure, it was the season of the obscure"
0,Top-P,Dr. Seuss ,At the far end of town where the Grickle-grass grows ,1,"At the far end of town where the Grickle-grass grows?"" Alice suddenly asked.


– She repeated to her in which he s startled. – The Goose is spilt on the Red Green. ""Right …""


""Well, that ought to be able to tell us whether there is anybody in that far place, there the Great Gate,"" Alice said. ""On the other hand, we've been distracted by going to the Whitelash Tree and seeing what the trees are – how do you think they are compared with the trees that grew there?""


– Not very. The Great-tree is the only one that has any form.

""Oh, and how about the Bird. It can't fly,"" Alice said. ""Couldn't you understand that after spending two minutes of your life reading to a bird on the lesson?""


– Oh. The Crown and How Fresh it Was

Olivia purred (twitching her ears): ""These birds are going off by the ship, Sallie, and they'll be back in two or three weeks' time and when they get back they'll drop off the mast! Didn't you ever hear of that?""


As the"
0,Top-P,Dr. Seuss ,At the far end of town where the Grickle-grass grows ,2,"At the far end of town where the Grickle-grass grows 

It's a family operation, both locations. Tony's runs the restaurant and specialises in finding new ways to cook. In one room, there are a single oven and broiler — but then again, you're not really focused on the bread as much. You're so focused on it that as soon as Tony had someone to fix him up in the shop during his fight with Tangarah he'd move on to the next person. It's a day-to-day business, where he also has a small, family unit in: David & Jessie van Staal and their daughter Lisa. I'm one of the few people that sees the two families visit Tony at Grickle-grass, the other side where the plants thrive. The couple by Tony's side, Martina, these days much as her husband Timm is much his own man, falls back on this very old saying 'it's so easy to know a heart with two holes'. She's never really felt the things that Tony feels, and what she feels keeps her out of trouble. She doesn't even want to go down that path with Tony and Paul, looking at it with"
0,Top-P,Dr. Seuss ,At the far end of town where the Grickle-grass grows ,3,"At the far end of town where the Grickle-grass grows  are tan-tree jungles, which shade the hillsides and by the long, twisty trail throw you into the smoothest forest on earth.  It has a steep bank on one side, and the remaining path on the other, which is a ""five-sided vista"",.  Along these steep drops, along with towering ferns, farms are scattered along the hillsides with slopes glancing out over patches of forest where there used to be rugged wildlands.  There's a great view of the river, almost too great and blue with mossy shadows.  The rocks in the shade of the trees feel so close to the roots and roots in the sunlight.  On a good day the salt air is fresh, but it can be dry, damp or windy any given week of the year, depending on the air just above the trees and the light.  Because of this, I like to float the trail at level ground level on my pack.  I understand the community of backpackers who are guided, like hikers, on the trip to this place, to get a feel for the big valley that the Grickle-grass grows in"
0,Top-P,Dr. Seuss ,At the far end of town where the Grickle-grass grows ,4,"At the far end of town where the Grickle-grass grows vernacular reports from other visitors, covered in gore and greasy cigarette smoke, often give the impression of witnessing...a gruesome spectacle for which the de Conte family has not been awarded any punishment or state admonition.

This is a mind-blowing urban legend. The story claims that in 1968, when Sarah Jean Conte, her young son and his girlfriend, Hadrian, 15, and William Francis Smith, 19, were living with their father in Elizabethtown, a domestic spat broke out between the mother and her husband, Frank. Mr. Conte fired three shots and the two men ran from the home. It seems as if the three escaped via the cellar but the clan immediately turned onto an alley as the Americans. Smith and his girlfriend were found dead with wounds to the head in the back seat of their wrecked car.

Mr. Conte was arrested and later convicted, but was spared a death sentence after DNA tests proved him the perpetrator of the murder of his wife and unborn child. While some have questioned whether or not the case stands up in the national awareness anymore, Mrs. Conte was deported from America, and her remains were mysteriously"
0,Top-P,Dr. Seuss ,At the far end of town where the Grickle-grass grows ,5,"At the far end of town where the Grickle-grass grows iced over, an 18-wheeler of Steelers had gone by him about 12 miles earlier, laden with barrels of dark tarol, a mildly poisonous natural gas produced from natural deposits in the surrounding mountains. Slowly, reluctantly he looked up. A rise of gravel crunched beneath his boots, and he cracked his neck.

The pain took him almost wholly off the steel wheel. The next time, he hit his head against the road; the paramedics would have to poke him through the skull, and then into the cranium. I don't know if he survived. He saw the truck roll along, for an inconceivable length of time.

The night when I disappeared, We (as Believing is So Much better than N.) realized, through work of some efficiency, that we should go about our different terrors without fear. So we bought people packs of cigarettes and also forced them to fast for about 10 hours. Imagine – a ten-hour job – leaving wads of cash in every stinking alley, and never being far from a dark alley.

Over a sum of money, the mother would attend to her own children."
0,Top-P,Dr. Seuss ,At the far end of town where the Grickle-grass grows ,6,"At the far end of town where the Grickle-grass grows  appears to have no way in but  the river.  The mansion is now dry and barren, both the peasants and anyone else who has lived in the area know there is nothing to be seen in the extreme hills above.  They are much in the way of a ghost town which I take to mean that. There are two nearby wharves I guess the villagers helped out while growing up and some small, wooden structures which may be included in the haunted image because they can be seen.  It may be considered odd that there is no large walkway that is not in the shape of a snail and a sash on the outside of a much bigger wooden structure. I think that the sad, desolate ghost town is at the very bottom. It is possible there is something under the crystal?
Final three shots:"
0,Top-P,Dr. Seuss ,At the far end of town where the Grickle-grass grows ,7,"At the far end of town where the Grickle-grass grows  are mature soil crags where a fantastic stargazer can see; but that is not the only wonder surrounding our village. That requires not only knowing how you got to the woods and to this fjord, but also this:
...now, you will see what I mean. One gets lost in this magnificent country of endless green, yet so solitary and remote; for there's nowhere else that you can bury your head in what is green, and what you will soon be.
The car with the large plastic bin included with it ""Moral Moja"" was brought up to remove some of the rocks and brush that were blocking the view.
The car is the right size for the configuration.
The car digger was pushed ahead and the resulting piles of remaining stones were trucked from the quarry to different sets of pits near the field.
The left hand side of the car has been shortened to fit in the platter.
The right-hand side is the one where the driller came out of the quarry. Once you start these things you won't want to stop until the first seed begins to grow on your wood.
 ..."
0,Top-P,Dr. Seuss ,At the far end of town where the Grickle-grass grows ,8,"At the far end of town where the Grickle-grass grows  the mountainous companies have been draining the saltwater runoff that used to fill the lake and water it for livestock. These salty, waterlogged lakes are now no longer holding their water for human use, as bird life has disappeared, as a result of the lack of fish, and as the excessive rains cause encroachment upon other wetlands. ""Dead-end trails are now out there every three-four miles,"" said Kat Fischer, retired director of the Alaska Natural Resource Conservation Service, as she paced a paper route.
Looking at the tree lines here, it is stunning to realize how much the landscape has changed. We used to see upland bogs washing into the valley and a rolling prairie below, which required labor intensive trails to avoid. On the lush green meadow in the distance the frozen permafrost in those slushy areas was melting in time to the summer. Now, the ice has melted, with ice-pack now forming above the meadows, to the inconvenience of veggie gators and ducks and new-yet-dispersed wildfires in the drier areas. I'm proud to see that many of the same pine trees that used"
0,Top-P,Dr. Seuss ,At the far end of town where the Grickle-grass grows ,9,"At the far end of town where the Grickle-grass grows  is  Leland's Deli, where people stop by to sell their own crack pipes and old chocolates. The front door is a little tacky but there's no plaque that  remembers  the store's founder either. It belongs to the fifties.
Where Leland's Deli stands  is  behind a shed in the backyard. The smog in the background is the last of the west-bank fog, brought in for that very reason.
The story of  Leland's Deli, where people stop to buy drinks, is  in the  Behind The Hustle  review by Dr. Lou Wu.
Look up at your nearest well-trafficked street and you'll notice this neighborhood is surrounded by buildings, dense with buildings. There's a abandoned car dealership to the northeast, a small school to the southwest, a highway near the garage, a ranch and a the old Leland's headquarters beyond them.
Concrete between this street and Rock Springs Boulevard is the Bell and Howell Cook / Rancho San Jose / Franklin & Fernender Company. Despite this, no one from the Bell &"
0,Top-P,Dr. Seuss ,At the far end of town where the Grickle-grass grows ,10,"At the far end of town where the Grickle-grass grows iced with his private underground springs, a pioneer once stood. He lived alone in a cavern deep in the woods, stocked with potatoes and vegetables to gather and sometimes grown on their own. ""The woodsman did not get all of his supplies from the government. His potatoes came from New England, where they had often been bred in the cold of winter. The vegetables came from the local woods and our farmers made their own at home to prepare a nutritious meal for their family before they returned from the farm."" The Pioneer felt it more profitable to grow things on his own than to educate, mine, or till the land. But he was fond of telling the settlers of his adventures and establishing a relationship where he communicated not only with them on the moment's sudden changes, but throughout the journey and even after. He was your neighbor on the turnpike, and from day to day had the same conversations. And during those revels he was your friend. When they awoke in the morning, he often asked for directions; and when they fell asleep in the night he would make them a drink as warm as in the morning. ""I think if I came back my folks would"
0,Top-P,The Bible,In the beginning God created the heaven and the earth.,1,"In the beginning God created the heaven and the earth. And the earth was without form, and void; and darkness was upon the face of the deep. And the Spirit of God moved upon the face of the waters. And God said, Let there be light: and there was light. And God saw the light, that it was good: and God divided the light from the darkness. And God called the light Day, and the darkness he called Night. And the evening and the morning were the first day. And God said, Let the waters bring forth abundantly the moving creature that hath life, and fowl that may fly above the earth in the open firmament of heaven. And God created great whales, and every living creature that moveth, which the waters brought forth abundantly: and God found themering. And God said, I will set my face against that man, and against his mother, and against his father, and against all that (yea, including) every tribe and tongue, and every people and tongue that is not with me, and against every nation, tribe and people that do not allow him to be a friends with them, and against every city that is not built upon my terms, and against all that do"
0,Top-P,The Bible,In the beginning God created the heaven and the earth.,2,"In the beginning God created the heaven and the earth.

Adam and Eve: Prepare your hearts and make up your minds to desire as well as be sustained and encouraged and stimulated as well as let the angels do their jobs.

[Page 115]

We have wasted a vast period of time acting as if we had a purpose in creating and thinking that we had purpose. But it does not mean anything: [Page 116]there is no power, no mission, no purpose in us for us, for to keep our hearts from unchanging is a real weakness.

If you are going to let that be, then when we come forth as children of God and make our adoring public announcements we shall try to keep as close to that perfect thing as we possibly can.

Peace and love and forgiveness be with you,

Your loving Father,

Hiroshima"
0,Top-P,The Bible,In the beginning God created the heaven and the earth.,3,"In the beginning God created the heaven and the earth. ""And the earth was without form, and void; and darkness was upon the face of the deep. And the Spirit of God moved upon the face of the waters"" (Genesis 1:1, 2). He created them with a face of water and ""every plant of the field before it was in the earth."" (Genesis 1:16-17) In its place grew mountains ""and hills and great trees"" which, ""with their leaves form a canopy, and with their fruits are to be seen on every side."" ""We know that the earth is [God's] throne, the firmament that he made, in which are the heavens and the earth."" (Hebrews 11:13) ""…the Lord God formed man of the dust of the ground, from the ground a rib, and breathed into his nostrils the breath of life; and man became a living soul."" ""All things were created by him, good and evil, in heaven and on earth, visible and invisible, whether thrones or dominions or principalities or powers."" (1 Timothy 2:1-2) ""All things were created for him"" (Colossians 1:"
0,Top-P,The Bible,In the beginning God created the heaven and the earth.,4,"In the beginning God created the heaven and the earth. But the earth was without form and void, darkness was over the face of the deep. And the Spirit of God moved upon the face of the waters. And God said, ""Let there be light,"" and there was light. And God saw that the light was good. God separated the light from the darkness. God called the light Day, and the darkness he called Night. And there was evening and there was morning, the first day. And God said, ""Let there be a firmament in the midst of the waters, and let it divide the waters from the waters,"" And God made the firmament, and divided the waters which were under the firmament from the waters which were above the firmament: and it was so. And God called the firmament Heaven. And the evening and the morning were the second day. And God said, ""Let the waters under the heaven be gathered together unto one place, and let the dry land appear: and it was so. And God called the dry land Earth, and the gathering together of the waters he called Seas. And God saw that it was good. And God called the dry land Earth, and the gathering together of the"
0,Top-P,The Bible,In the beginning God created the heaven and the earth.,5,"In the beginning God created the heaven and the earth.

1 Peter 1:6 ESV / 2 helpful votes Helpful Not Helpful You have seen how great is the mystery of God in Christ Jesus, whom you accepted as Lord, even Jesus Christ, Lord of glory.

Acts 5:33 ESV / 2 helpful votes Helpful Not Helpful But when that day came, they were all amazed and feared, because they saw the marvellous works and the signs that Jesus had done in the sight of all the people.""

Proverbs 16:9-12 ESV / 2 helpful votes Helpful Not Helpful If a man speaks a word, he deceives his neighbor, but if he utters a gesture, he makes himself known to be true. For a word spoken in a whisper is worthless on the earth, but great is the example of a great gesture. He who turns away from evil rises up before the Lord.

Psalm 104:6 ESV / 2 helpful votes Helpful Not Helpful Praise in the morning and praise in the evening, the praises of the Lord! Praise the Lord and keep steadfast his covenant, for his mercy endures forever.

1 Corinthians 14:19-20 ESV / 2 helpful votes Helpful"
0,Top-P,The Bible,In the beginning God created the heaven and the earth.,6,"In the beginning God created the heaven and the earth. And the earth was without form, and void, and darkness was upon the face of the deep. And the Spirit of God moved upon the face of the waters. And God said, Let there be light: and there was light. And God saw the light, that it was good: and God divided the light from the darkness. And God called the light Day, and the darkness he called Night. And the evening and the morning were the first day. And God said, Let there be a firmament in the midst of the waters, and let it divide the waters from the waters. And God made the firmament, and divided the waters which were under the firmament from the waters which were above the firmament: and it was so. And God called the firmament Heaven. And the evening and the morning were the second day. And God said, Let the waters under the heaven be gathered together unto one place, and let the dry land appear: and it was so. And God called the dry land Earth, and the gathering together of the waters called he Seas: and God saw that it was good: and God divided the waters which were under the heaven from the waters"
0,Top-P,The Bible,In the beginning God created the heaven and the earth.,7,"In the beginning God created the heaven and the earth. He made them; he formed them male and female, and blessed them."" (Genesis 1:26-27) The immortals in the Biblical account have been honoured ""for their immutability, immortality and incorruptibility and for their preserving their form through all time.""(ca. 2:19)

In the garden of Eden, the poets claim, God himself ordered, controlled and ordered the universe. He set the harmony that man could live in, had and would have happiness. What he did not do was create life out of nothing, but the rays of freedom, happiness and love poured forth from him; and the first individual, male and female were created in his image. This glorious and beautiful natural fact was revered for ages. It is the highest possible tribute and it is worthy of endless praise.

We are today faced with an earth that no longer has a landscape, mountains, rivers or seas that do not pass through and spill into the sea. We are facing another earth of displaced communities and destroyed heritage, another earth in which the original spirit is lost, and which has contributed to extinction in a very severe degree. This earth with its plants and"
0,Top-P,The Bible,In the beginning God created the heaven and the earth.,8,"In the beginning God created the heaven and the earth. And the earth was without form, and void; and darkness was upon the face of the deep. And the Spirit of God moved upon the face of the waters. And God said, Let there be light: and there was light. And God saw the light, that it was good: and God divided the light from the darkness. And God called the light Day, and the darkness he called Night. And the evening and the morning were the first day. And the evening and the morning were the second day. And the evening and the morning were the third day. And the evening and the morning were the fourth day. And the evening and the morning were the fifth day. And the evening and the morning were the sixth day. And the evening and the morning were the seventh day. And the evening and the morning were the eighth day. And the evening and the morning were the ninth day. And the evening and the morning were the tenth day. And the evening and the morning were the eleventh day. And the evening and the morning were the twelfth day. And the evening and the morning were the thirteenth day. And the evening and the morning were the fourteenth day"
0,Top-P,The Bible,In the beginning God created the heaven and the earth.,9,"In the beginning God created the heaven and the earth.

27 And the earth was without form, and void; and darkness was upon the face of the deep. And the Spirit of God moved upon the face of the waters.

28 And God said, Let there be light: and there was light.

29 And God saw that the light was good: and God separated the light from the darkness. And God called the light Day, and the darkness he called Night. And the evening and the morning were the first day. And God said, Let there be a firmament in the midst of the waters, and let it divide the waters from the waters.

30 And God made the firmament, and divided the waters which were under the firmament from the waters which were above the firmament: and it was so. And God called the firmament Heaven. And the evening and the morning were the second day.

31 And God said, Let the waters under the heaven be gathered together unto one place, and let the dry land appear: and it was so.

32 And God called the dry land Earth; and the gathering together of the waters called he Seas: and God saw that it"
0,Top-P,The Bible,In the beginning God created the heaven and the earth.,10,"In the beginning God created the heaven and the earth. And the earth was without form and void and darkness was upon the face of the deep. And the Spirit of God moved upon the face of the waters. And God said, Let there be light: and there was light. And God saw the light, that it was good: and God divided the light from the darkness. And God called the light Day, and the darkness he called Night. And the evening and the morning were the first day. And God said, Let there be a firmament in the midst of the waters, and let it divide the waters from the waters. And God made the firmament, and divided the waters which were under the firmament from the waters which were above the firmament: and it was so. God called the firmament Heaven. And the evening and the morning were the second day. And God said, Let the waters under the heaven be gathered together unto one place, and let the dry land appear: and it was so. God called the dry land Earth; and the gathering together of the waters called he Seas. And God saw that it was good: and God blessed the firmament, and God called the firmament Heaven. And the"
0,Top-P,Douglas Adams,"""Forty-two!"" yelled Loonquawl. ""Is that all you’ve got ",1,"""Forty-two!"" yelled Loonquawl. ""Is that all you’ve got?""

""Fifteen hundred!"" As he finished and came around a corner, Loonquawl proceeded to have a loud language conversation with the man beside him. Loonquawl was a native speaker of the world.

""Try when I'm done at'that!"" said the old Fiddler, sighing, and holstering his gun. ""I just wonder how it'll do at a demonstration, coming to you this stranger from our backwater kingdom.""

""Nothin's for oi' than to let your beasts count up to you,"" said the man, getting himself out of his coat. ""I guess I'll go keep an eye on things while yerya wait with me.""

""We'll all wait in your storeroom,"" said the old Fiddler.

Loonquawl looked at him.

""What's a storeroom?"" asked Loonquawl.

The old Fiddler shrugged. ""I'll show ye how,"" he said. ""Now pick your beasts up all right.""

The left arm was"
0,Top-P,Douglas Adams,"""Forty-two!"" yelled Loonquawl. ""Is that all you’ve got ",2,"""Forty-two!"" yelled Loonquawl. ""Is that all you’ve got?""

She laughed and continued. ""You don't think your adventurers are receiving their wages now?""

""Paychecks?"" Wicket asked.

""Thirteen,"" Loonquawl said sarcastically. ""What's so special about this job?""

""I need records of everyone's debts and the amount of loot they have to send back,"" Wicket admitted.

Loonquawl blinked at him. ""How much loot do you have to send back?"" she asked. ""And how much money do you get back?""

""I send half to Caesar,"" Wicket said, ""the other half to Seneca. Don't worry, none of it seems like much. Some of it goes to dieting boys and girls who can't afford proper child care. The bottom third of the loot goes to charity, most of it goes to help the underprivileged at the XP Convention, and a little of it goes to the Junior Army Rangers who help the Games."" He nodded to her and she motioned with her hand to the beggar girl sitting beside him, one"
0,Top-P,Douglas Adams,"""Forty-two!"" yelled Loonquawl. ""Is that all you’ve got ",3,"""Forty-two!"" yelled Loonquawl. ""Is that all you’ve got!"" The moment the old brown man finished saying, Bloodraven leapt up, grabbed his hat and yanked it in and out several times. He then screamed out in great pain. ""Fought!"" he shouted.

""Bloodraven. Those damn cats are all taken. Did you kill their leader?"" asked Elektra.

Bloodraven shook his head.

""Just take Teno out of their book of unleashing the Reaper. Stick him in the fire. If you can't kill him, don't burn him!"" Bloodraven screamed.

Elektra grabbed the hood and the cap of Teno's helmet and hoisted it off his head. ""No.""

Bloodraven glared at her furiously. ""Foolish girl! This is what they call a 'civil war'. A war where all the leaders have been killed by the enemy. You think this is normal, do you? Go cry in your own tub! What's the matter with you? I don't care! Kill them! Kill every last one of them!""

Elek"
0,Top-P,Douglas Adams,"""Forty-two!"" yelled Loonquawl. ""Is that all you’ve got ",4,"""Forty-two!"" yelled Loonquawl. ""Is that all you’ve got?"" One day earlier, a dear friend of Loonquawl's had been riding her boyfriend's bike down the trail. She had to turn around, slow down, and stand up. She did not feel particularly well at the time, but the pain from the broken blade of her axe was apparently not severe enough to keep her home from caring for her. Her friend was a friend of a friend, and a friend of a friend of one of Loonquawl's; Loonquawl had not spared a glance, a wisp of a white handkerchief in her lap.

Long knew how to handle a pistol. Shot first. Shot second. It's all up to you. As one of the first friends she'd made in Troukhand, Long knew precisely how to pick a fight. A machine wouldn't know how to engage a human, not long ago. Only logic dictated how you dealt with a machine after a fight, whether it be an immortal with a hex power, or an unkillable criminal with some uncommon damage potential.

""What the fuck is that guy"
0,Top-P,Douglas Adams,"""Forty-two!"" yelled Loonquawl. ""Is that all you’ve got ",5,"""Forty-two!"" yelled Loonquawl. ""Is that all you’ve got?""

""Fuck, I dont care anymore. Turns out my boyz is sucka. They like their Internet under-hosed and back up using webmd!"" 

Loonquawl had imitated Clack like a crazy person. Instead of your average twink hero, he was playing a professor with O'Play as a teacher. Good for him.

""It's got Stax records! Everything's on here... I can even find the studio!"" she cried.

""How about this?"" my noob praised. ""Do you think I should make some songs for you""

""It's not about the money. It's about just friends"" she explained. ""I like the way you sound. Plus I kind of like your soulful voice.""

""Why are you listening to me?"" As I stepped down the path to the studio, I found Amarynth stumbling around the place. That girl is big for a virgin. Was she going home? Or maybe leaving with some friend? My cock was dying to know. God, I still knew"
0,Top-P,Douglas Adams,"""Forty-two!"" yelled Loonquawl. ""Is that all you’ve got ",6,"""Forty-two!"" yelled Loonquawl. ""Is that all you’ve got?"" Across the distance, the distant familiar voice in a booming voice called again and again. Inking and managing the gun fired a gurgle and it picked up a post. The voice was pounding, but Loonquawl never wanted to listen, but the solid noise didn't dissipate. Finally he shouted, ""Tom-Doe, Ollie -- get your S.O.S. down here!"" ""Tells the lack of ammo,"" said Max-M, ""But can't find her."" They debated the better fit of the two worms. They began to claw through the wood, and Loonquawl peered into his goggles, feeling it. The radius of the snake had increased. It was now approximately seven feet. Loonquawl's brain froze. And then it went still. Loonquawl felt a flicker of relief that something was coming up. The snake was trying to escape. Suddenly it realized it had shot itself, and a flash of white made Loonquawl freeze a third time. ""Give me my weapons back!"" bellowed L"
0,Top-P,Douglas Adams,"""Forty-two!"" yelled Loonquawl. ""Is that all you’ve got ",7,"""Forty-two!"" yelled Loonquawl. ""Is that all you’ve got?"" Emmasfffleappled opened with Frenzy and gave him his first raise. 39Three.""Grr."" said Flaudtomly, ""All done."" Emmasfffleappled fought off Flaudtomly and came out on top, 8 to 1. ""When can I find a lookout?"" asked Flaudtomly.""Soon,"" said Flaudtomly. ""It will rain today."" Loonquawl did not respond; he immediately threw himself at Emmasfffleappled's side. The attack was successful, but out of most of the attack Loonquawl was finishing off what you might call a foe. Flaudtomly got as close as he could to put Emsima on the defensive, but the Jeutanks punched him hard and he fell. Such tactics are hard to enforce on someone who has the coordination of someone from a Tuscan village. ""Please!"" Loonquawl shook his head, ""I don't mean any of this. It was for my own good. I know everything from your grandfather, but you have to trust me and me"
0,Top-P,Douglas Adams,"""Forty-two!"" yelled Loonquawl. ""Is that all you’ve got ",8,"""Forty-two!"" yelled Loonquawl. ""Is that all you’ve got?""

My heart started going down into my throat. ""Sorry, poor babby.""

""If we're going to quote, wasn't’¦that’¦how you noticed?""

There it is again! The classic example of defining your audience. Whether you realize it or not, you're defining them for them. And it's easy enough to do. Take this tweet:

@bob_moreham @__Chris_Jo_

He's asserting that he belongs to the He-Man community, the closest similar to him and his interests. He's going out of his way to personify those interests. Those interests are materialistic, and materialistic fan services are exclusive. So the question is, are they? That's what I'm trying to figure out. Not what he's doing, but what that does mean to him.

You're the computer. You know the material you like. You've studied it, and you're using it as inspiration. You call it your guiding light, or idea of what you're striving for, or way"
0,Top-P,Douglas Adams,"""Forty-two!"" yelled Loonquawl. ""Is that all you’ve got ",9,"""Forty-two!"" yelled Loonquawl. ""Is that all you’ve got?"" her opponent raised her head to bash the claw about the corner of the table. ""Good fella!"" rang Loonquawl in a hoarse voice, but Newglade still called for a second bepanther to line up the ball again. ""Thirty-eight!"" she shouted over her shoulder, and another hit brought down the second bepanther. Loonquawl readied herself for a comeback, but the ball settled short, and she began to run back across the floor and down the other side, even though both of the other bepanthers were still nocking tips on the back end. Sallah brandished one massive wing, but Newglade is relatively long, so she almost crouched in the middle, inviting the bepanthers to bail to avoid a strike. In the end, a bone-crushing hook sent her sprawling across the floor and into the fire, a terrible maim and traumatic injury, though it also extinguished most of the burst of fire that were already going off. ""You're twelve, you know!"" Newglade yelled, running"
0,Top-P,Douglas Adams,"""Forty-two!"" yelled Loonquawl. ""Is that all you’ve got ",10,"""Forty-two!"" yelled Loonquawl. ""Is that all you’ve got?"" The bearded repanee was asking that question the whole time. ""The entire range. All over. King Chucky, this is our quest!""

Monique rang for a steady halt. ""Mike, I need help with the bestiary. There's maybe 400 of them but it's a mess. Every time we start to get to them, sometimes someone finds them and goes into full cartoony glory. I think someone even got one of these zombies to show up last night. We gotta hurry.""

""Forty-two!"" said the impale. ""Hi, monique. I think it's over."" A trio of sods swarmed out of the swamp's undergrowth, their jaws snaking all over the old  ghoul who was attempting to actually polish off all the Giant Dung Beetle eggs... Monique didn't recognize the monster's form once. Most monsters in ghoul-snared areas were sexy body parts... yuck.

Monique trotted and trotted, the way lugubriously non-serious she was about it. Eventually, the"
0,Top-P,CNN,Having arrived in China as the most successful,1,"Having arrived in China as the most successful star player in North America, Patberg has shown he is not afraid to make the required running for a wildcard or playoff berth. Unfortunately, he's in the air a ton and hasn't had the most consistent season. The previous three weeks were disastrous as he was on a shopping spree and leaving the hotel in Milwaukee during the team meeting. He didn't even appear to like being on the trip but his agent had a meeting with the team to try to save him. His over-aggression came back to haunt him with three fouls in a span of less than three minutes. Against the Cavaliers, the Bears played an alert and physical game. He was replaced by former UConn star freshman Norman Powell, whose style fits Patberg's lack of aggression.

Kyle Hawkins, DE, Michigan: He may get upset over being behind Paschall for the ASAC championships, but the mindset has been similar. And if he was asked, he would rather give up the title than need to try to carry it on. They'll face a Washington team as athletic as they are skilled with their chemistry on the line on Monday. The Wolverines will play an aggressive style and know it.

De"
0,Top-P,CNN,Having arrived in China as the most successful,2,"Having arrived in China as the most successful player in the history of Asian cricket - he has raced to three World T20 titles, four World Twenty20 medals and two red-ball cricket titles - Ajmal has become a model for the country's young homegrown talent. His status hasn't gone unnoticed.

The captain of the all-Chinese board, Le Pele Chang, calls Ajmal ""an inspirational symbol of Asian cricket"" and the 24-year-old is seen by many as the future of the game in India. He is the current wicketkeeper of the national side and was called up for Bangladesh's campaign in Bangladesh.

""He is quite special to me,"" said Kumar, who put together the people-powered campaign. ""I saw him one night when he came out to bat. I am India's youngest captain, so I was quite honoured. He has given me the impetus to go and fulfill my dreams.""

Just last week, however, Ajmal's ambitions grew bigger. He became the first Indian-origin player to have a concert tour of New York.

Just like Indira Gandhi, Cricket's most unconventional national hero, Ajmal is the man of choice for the cricketer-"
0,Top-P,CNN,Having arrived in China as the most successful,3,"Having arrived in China as the most successful Shanghai stock exchange, the 10-year bond is a more compelling market. That is because it offers better tax advantages for the returner and lower ""cost of capital"" for the bond investor.

Unlike the 10-year savings bond, a bond with a 10-year maturity is infinitely longer-term than one with a one-year maturity, while preserving the same interest rate. Debt securities such as these are also often rolled over (in effect adding another year or so of annual interest) at various points during the lifetime of the bond. However, buyers of longer-term debt generally face less of a tax burden, making the bond more appealing to wealthy investors. Debt in a 10-year bond makes the most sense to investors like those described above, who typically have more than one car and numerous trips to airport terminals that might make traveling through China a challenge.

10 Year Bond Index is compiled from the average of the 10 leading government bond yields across all tranches of the currency.

How does the bull case sell?

Despite what others may have said, there's little to suggest that the bull case of debt bunds offers any safety in the face of global financial instability"
0,Top-P,CNN,Having arrived in China as the most successful,4,"Having arrived in China as the most successful female name in the world, Bella has finally made it overseas to a place she knows in China will be outside the radar.

The 2-year-old name entered our top 10 list this year.

The name Bella, which is similar to the Canadian-born Bella Tawny, is an original combination derived from the French form of Jocelyn Lettie, pronounced JoKEE-nye-lee.

Instead of becoming a pop star and Queen of Charming and Queen of Singles, as expected, Bella has become a high-value name globally.

Just last year, it was added to the list of 300 most commonly used names in France and United Kingdom to total 7,582.

A report carried by Fortune magazine said of people born in 2004, 10 percent were named Bella.

""In terms of overall popularity, Alice (is the most famous Australian name) could take the lead for the second consecutive year. A bit more than two-thirds of 18-year-old girls have held the name Alice in the past year,"" it said.

Your favourites:

- BBC: Swiss trio's help for bus crash"
0,Top-P,CNN,Having arrived in China as the most successful,5,"Having arrived in China as the most successful commercial airline company in history, most agree that China is a uniquely rich market for doing business. However, if the prospect of such a rich customer base and economies of scale with many Chinese consumers mean that passenger numbers can only grow, can all this justify expanding into the emerging middle class? There are many capable high income Chinese families which is simply not feasible (or reasonable). Indeed, many Chinese too carry their 'outdoor activity' interests home, both directly and indirectly through the States and their foreign institutions. Should all that happen, what benefits accrue to West China's economy in terms of foreign investment and tourists as well as associated exports to the'self-sufficient' Chinese middle class? What prevents this middle class from doing more business with the Western population rather than their extended family, and for whom goods are more important than commodities? Some doubt if the middle class will be engaged by, and happy to continue their 'outdoor activity' with the West and its 'internationalized' commodities, despite the 'outdoor' cost of doing so, which even flies in the face of what Western consumers and travellers would consider 'peak trips.'

The most likely conclusion is that the rapid change from based domestic"
0,Top-P,CNN,Having arrived in China as the most successful,6,"Having arrived in China as the most successful team in history, Chinese fans are now in a rather strange predicament. On one hand, they have just passed the 300 mark for attendance at an MLS game; on the other, they have 3,000 seats unoccupied. And whilst the captaincy situation is one to study carefully for a transfer, the pre-match talismanics that have catapulted Canada to third in the CONCACAF World Cup qualifying and, perhaps, a qualification to Russia 2017 are not dependent on Stephen Hart at the helm. TFC keeper Clint Irwin won the MLS Save of the Year award for 2016. But a healthy marketing strategy will help both and ultimately give Canada the boost it needs to get a day with Russia next month. This year in Europe, mostly, Canada had proven the doubters wrong, their victory over Ukraine in their Europa League quarterfinal being against a tougher side in West Bromwich Albion. The squad has matured and their performances are producing outcomes that can't be discussed without fans talking about David Johnson and the Impact's impressive performance at Wembley against Manchester United. Still, by that point the majority of them have moved past the team's first ever win against the Republic of Ireland, conceding three goals to an unexpected"
0,Top-P,CNN,Having arrived in China as the most successful,7,"Having arrived in China as the most successful recruit with the Chinese Super League's Dandong Freecs, Smith had to pick his battles very carefully since he had to build up his fitness and improve his match-management skills before it could truly become the game that fans remembered. It's now time to put these skills to good use in A-League purgatory for his new teammates.

The main focus at training has been on helping Laidlaw and Agudelo perform on the same level, and this means all of Australia's first string midfielders will have to cover a significant amount of ground. All of Australia's first string players that featured in the last A-League season have completed fewer than five A-League games, and this will be vastly different.

While the 18-year-old Maitland-Niles could go straight into the heart of the opposition backline this season, Diogo will have to spend more time with his peers and cut down on his own defensive waste. While it's appreciated by supporters, it will be the skills he adds to his game (and Andre) that mean much more to the squad in the long-term.

Laidlaw and Agudelo have been"
0,Top-P,CNN,Having arrived in China as the most successful,8,"Having arrived in China as the most successful fighter pilot in history, there was always the question: How did he manage to keep himself focused during hours of grueling training and battle? It's impossible not to fall back on Tim Blake Nelson's advice.

""The simple answer is that Sam passed all of the Japanese marks exam for fighter training along with standard marks on all of the official exams,"" Nelson tells Fast Company via email. ""His single best test result was a 70 or more. No doubt the most challenging test of his life, and all achieved in an obviously very brief period of time. That was about the best I could do on the question alone.""

According to Nelson, it's surprising to learn that a brief stint as a fighter pilot in Japan proved enough to impress the Marines.

Nelson mentioned that he went to Tokyo's King Fahd Airport ""with about a half a dozen people who were doing the school combat training"" after school on 27 April 1942. During the process of obtaining his visas, he notes in his biography, ""there was no offense to Sam by another aircraft in service that day. Oddly, the boy next door—this was the only enemy pilot at the school with in the entire"
0,Top-P,CNN,Having arrived in China as the most successful,9,"Having arrived in China as the most successful new breed to enter China's wolf populations, Moulton and his colleagues on Friday announced their history in an open letter to government officials and influential think tanks. They said they were told that Moulton, ""who publicly played a leading role in fighting the Falun Gong, required government approval"" of his latest new scientific findings and that they were then asked not to publish the paper, which summarized 10 years of monitoring at six Chinese wolf populations.

In the letter, Moulton emphasizes that the study he has led on his work with the Dog Science Development Center (DSDC), which has been conducting surveys in China for the last three years, is entirely in the spirit of scientific freedom, the lead scientist and his co-author said during a Monday press conference in Beijing. The authors are themselves targets of a politically motivated campaign that includes a website that calls them ""red-helmet dogs."" The DSDC has drawn the ire of China's Central Intelligence Agency and National People's Congress in the past for publicly criticizing China's imperial building projects, and last year closed its historical facilities for an intelligence gathering exercise.

Concern over China's security arising from U.S. repression"
0,Top-P,CNN,Having arrived in China as the most successful,10,"Having arrived in China as the most successful pilot in the Chinese sport pilot class in 23 years, Robinson was part of an inaugural team from Wipro, which made its debut in Beijing in 2013 and the first in 33 years in the Games. The 2-seater is powered by a new three-bladed piston engine. The all-new aircraft is intended to re-establish the pre-1980 China presence in the Chinese team sport-2 category, and is being built by Mazdaspeed of Mongolia.

Robinson is the 29th Chinese pilot competing in the Games. It is his second Olympics to Brazil. He made history in 2014 as the first Chinese to qualify for the host city after qualifying in January in Belarus. He carried out solo flight tests at Rio in November before training alongside world-first pilots in preparation for the Games.

Six other athletes competed from Wipro, including three male airmen: Lin Junwei of China, Yun Wei of China and Huang (Hua) Jingui of China.

Chinese men's 4x100m relay team brought home silver in the rowing event for the sixth time in 14 attempts. Three members of the non-U.S. team ended"
0,Top-P,Reddit,Yes! This! I wanted to say that the thing I wanted ,1,"Yes! This! I wanted to say that the thing I wanted!""

But what to say? What to say to a lump of shit and an old fart like me who thinks he knows everything, who has researched his subject with exhaustive detail and probably knows a bit more about the nut science process than I do?

""He never did it, and he never will!""

""Again, I don't get it.""

""Then what exactly do you think he did it with?""

""How do you know? Or else we'd both be talking a lot more about spice mixtures and Celery in the Bourbons tomorrow.""

Whatever. These were the 1950s and 60s and I didn't think about the politicking of politics or theories and their potential to sway the next century's nations when writing Spice and Wolf. The only one I was interested in was whether Tom-Tom cocaine might be present in gravy.

But, there was this particular chit that needed explaining and there was an argument that took place, an argument that will probably never go away. The chit at the bottom of this post's text. It's called ""Tea with Hammy"", by Ella Tom"
0,Top-P,Reddit,Yes! This! I wanted to say that the thing I wanted ,2,"Yes! This! I wanted to say that the thing I wanted!"" ""Have you seen the fish? I called to breakfast and I knew I couldn't come to work tonight - and I was out at Beach Avenue to pay a visit at the dealer's home when I heard what has been happening in Canal Street and found that I would never see him again. I looked around and saw a high-water junction with a concrete cover but it had been washed away."" Later the smell of horror reached me, and it was quite cool down there. It would be better to confess for ever - just to forget it all. I handed in a formal request for leave to leave on the day. Ms. McMurtry was disappointed; as usual she wasn't certain of my intentions when I told her my illness; she had been encouraging me to stay in Berlin; but that the magazine was putting out a situation was hardly to be expected of a stranger. Besides, she said, the rest of the staff might too. Mrs. Wantslee said she liked the little harborside inn. ""So does the lady living on Baslermeister - she's very good to people."" Later a woman ran down to the bar, to the person"
0,Top-P,Reddit,Yes! This! I wanted to say that the thing I wanted ,3,"Yes! This! I wanted to say that the thing I wanted  to say, that came out so naturally from the tone of the tequila was just just adding this  to the choice you might already have made? What the fuck was that shit? You've had the damned tequila? The Dude's been enjoying margaritas in Malibu for so long now that he thinks he can taste the juice, oh shit, oh shit, do he really taste the angelic blood in the tequila?
Goooood fucking tequila.
So what? Are we all now living in the funny world? Is that what you think it is? It's probably better not to go there. Call! Call! You've been having tequila instead of  Tequila Lemonade since you were 18. You don't have to call.
That's not to say that this was a complete new experience for the Dude. It still feels like the same shit he's always had, only now we had someone trying to embarrass him while he was watching 'American Idol'.  Hey Dude, go on, complain.  Wretched fool you are. Watch the show, quit whining. I would not dare put my"
0,Top-P,Reddit,Yes! This! I wanted to say that the thing I wanted ,4,"Yes! This! I wanted to say that the thing I wanted  to talk about was Sweet Fairies.
Yes! Yes! Yes, I wanted to talk about that, and just like that!  But here's where it's going a bit...
Now let's talk about Don't Shoot the Messenger.  This book feels like every book on here meets Death Note, where the protagonist, morally flawed, morally evil and morally idiot pop culture representative and everything he believes about himself is shown through this book's ""message"" sections.  Each message feels similar, but this book feels different.  The four short stories are all stand-alone events of some kind that stop the story, and each one is about something that occurred in the main storyline.  Each one is random, and it doesn't matter what that random thing is, they all touch on the same thing.  The killer called ""Death"" is in this book (though he is not the main focus) and several of the characters are named after characters from this book.  One character in the film was named after a character from this book (and is described in detail in the book and movie), and the characters in the"
0,Top-P,Reddit,Yes! This! I wanted to say that the thing I wanted ,5,"Yes! This! I wanted to say that the thing I wanted!!!! Not to do this again but I just thought I'd. Think. I want to give my approach a proper title, just so I can do this again. And this is my way of doing it. But it's not really ""In short how can I be even more impressive."" It's a little bit of a question…what do I do now?
Watch out.
My wife still hates this. I know she does, especially after seeing what she did to my daughter and how much worse it was than what she did to us. But she hates it. And I'm not sure why. At least not with me. Maybe she saw it then. But I told her she was wrong.  To me, the world was going to be overrun with alien races, and there was no way I could possibly win. That I'd never be able to hold them off. I meant exactly what I said. That I was just trying to develop a plan for winning a battle, and only later have me counter-attack with one. Not fight it. Too dangerous. I'd have to leave the fight and study the aliens. That'd be good for"
0,Top-P,Reddit,Yes! This! I wanted to say that the thing I wanted ,6,"Yes! This! I wanted to say that the thing I wanted 『Mari Sonofa』, it was one of those 「Fine, advanced buff〜」, but it was really a different world.

「What? Ah, put, between my legs, *Kufufu*! The 『Heavy Exhaust-up attack』!」

『Right?!』

I continue to move when I have transformed.

「Mari, right? The strength I got, is an 『Immortal 』! I wonder what that's?」

「Hou, you're always sayin' 『Mari Sonofa』 works!」

「So does this 『Heavy Exhaust-up attack』, while being as heavy as a heavy car? It is important that it can use that's immaculate 『Immortal』.」

When you look at the three of them, who are standing there, and then look at the technique described on the aiming tablet, the girl forms a fist.

「That's right!! ……The attack I used, is...!!」

…Mari's fist was granted 『"
0,Top-P,Reddit,Yes! This! I wanted to say that the thing I wanted ,7,"Yes! This! I wanted to say that the thing I wanted ____ too _____ but it's ____ you can just ask me if you like, but I don't really want to ____. I don't want to ____ right now, instead, I want to ____.

[Always people what it's like ____ _____,"" they say, not quite reaching their destination.]

I told you that I don't want to do ____ right now, but I want to ____ right now, because it's ____.

[They never tell you, they just say to herself, ""Please do ____ right now, ____ will be amazing."" She's barely there but her answer was so juicy and so timely. There were 15 of her trans-girl scans doing the rounds but you could make out the exchange in the middle; not exactly an explanation, yet. ""Because it's amazing""]

Ok, I want to wait until I'm 8 or 9 years old to do ____.

[8] jesus.

[9] ok.

[10] this can't be real.

[12] and they are been"
0,Top-P,Reddit,Yes! This! I wanted to say that the thing I wanted ,8,"Yes! This! I wanted to say that the thing I wanted!""

Murru didn't quite know how to reply.

""But since my lips are parting for this! It's exactly why I was able to work so well yesterday.""

Yup, it felt like it wasn't even weird.

It was that even if it was supposed to be ""this"", 『Kizuna』's face turned into a pitiable expression.

""Rather than that, this is what I want, but was this punishment enough? Eh, what does it taste like? Let's see.""

After finishing saying those words, Murru whispered and held out her hand. The hand was narrow and fragile, but it was very cold.

""This is a dating club too.""

""Eh-!?""

""Why? You don't like it because of the taste and the surroundings. But you don't like it because it's a club that in all likelihood has people you don't know. Is that right, captain?""

By such reasoning, (her very own fetish that doesn't exist in the maid society) spontaneously came to her mind.

"""
0,Top-P,Reddit,Yes! This! I wanted to say that the thing I wanted ,9,"Yes! This! I wanted to say that the thing I wanted 근 that I lost to [。] really ㅠ I just always wanted this thing ㅠㅠㅠ These sweet things. Well... I love these sugar dumplings i'm full after eating a whole one all by myself, and from now on my husband will go to me to wait by my side.
Posted by kdsm7454 at 5:50 PM"
0,Top-P,Reddit,Yes! This! I wanted to say that the thing I wanted ,10,"Yes! This! I wanted to say that the thing I wanted!"" The man turned to look back at the ocean. ""Gotcha! That sure didn't look like fun'short!""

He continued forward, but Neville stood in front of him, catching up to the other guy. ""No, Neville! I've never been to sea, and I'm not saying I want to try! I never want to try it!""

She sighed. She wished she was up for it. She wanted to die, too. She wanted to die at this point too. It was so easy to risk her life, all she needed was not to get caught. It was just a matter of this: She just couldn't accept the fact that she was going to die while Neville actually did. Just after this, he gave up, put his hands on the shoulders of the grass beside him. ""Come on,"" he said. ""It's beautiful out, I think I'll check it out myself."" He said this quite calmly, as if he knew she was going to die.

But still, they both agreed. She had to. She had to. And in the end, after her knee buckled and went out"
